Metrics,Values
Accuracy,0.9998586272707994
Precision,0.9998586964820521
Recall,0.9998586272707994
F1_Score,0.9998581927998921
training_time_s,223.6158412
training_memory_consumption_MB,38.96954536437988
Average_prediction_time_ms,79.65840382766551
Average_prediction_memory_consumption_KB,117.6465054980738
size_KB,67.28125
