Metrics,Values
Accuracy,0.9993991871355363
Precision,0.9993996754899697
Recall,0.9993991871355363
F1_Score,0.9993251684673815
conversion_time_s,1.5754213000000163
Average_prediction_time_us,249.41918007794595
Average_prediction_memory_consumption_Bytes,923.9997172645344
size_KB,8.6953125
